pmid,marker_recall,tissue_cell_recall,standard_marker_count,test_marker_count,standard_tc_count,test_tc_count
30893597,0.2,0.0,5,18,2,3
30958799,0.46153846153846156,0.25,13,15,4,11
35303421,0.0,0.0,3,11,1,9
Average,0.22051282051282053,0.08333333333333333,21,44,7,23
Total,0.35,0.14285714285714285,20,43,7,23
