pmid,precision,recall,true_markers_count,extracted_markers_count,true_positives,false_positives,false_negatives
30893597,0.13793103448275862,0.8,5,29,4,25,1
35303421,0.05555555555555555,1.0,3,54,3,51,0
30958799,0.24,0.9230769230769231,13,50,12,38,1
Average,0.14449553001277138,0.9076923076923077,21,133,19,114,2
