pmid,precision,recall,true_markers_count,extracted_markers_count,true_positives,false_positives,false_negatives
30893597,0.13793103448275862,0.8,5,29,4,25,1
30958799,0.18,0.6923076923076923,13,50,9,41,4
35303421,0.05555555555555555,1.0,3,54,3,51,0
Average,0.1244955300127714,0.8307692307692308,21,133,16,117,5
