pmid,precision,recall,true_markers_count,extracted_markers_count,true_positives,false_positives,false_negatives
30893597,0.13793103448275862,0.8,5,29,4,25,1
30958799,0.16666666666666666,0.6153846153846154,13,48,8,40,5
35303421,0.057692307692307696,1.0,3,52,3,49,0
Average,0.12076333628057767,0.8051282051282053,21,129,15,114,6
