pmid,marker_recall,marker_precision,tissue_cell_recall,tissue_cell_precision,standard_marker_count,test_marker_count,standard_tc_count,test_tc_count
30893597,0.2,0.05555555555555555,1.0,0.5,5,18,1,2
30958799,0.46153846153846156,0.4,0.25,0.1,13,15,4,10
35303421,0.0,0.0,0.0,0.0,3,11,1,9
Average,0.22051282051282053,0.15185185185185188,0.4166666666666667,0.19999999999999998,21,44,6,21
Total,0.35,0.16279069767441862,0.3333333333333333,0.09523809523809523,20,43,6,21
Global,0.35,0.16279069767441862,0.3333333333333333,0.09523809523809523,20,43,6,21
