pmid,marker_recall,marker_precision,tissue_cell_recall,tissue_cell_precision,standard_marker_count,test_marker_count,standard_tc_count,test_tc_count
30893597,0.8,0.13793103448275862,1.0,0.14285714285714285,5,29,1,7
30958799,0.9230769230769231,0.24,0.25,0.034482758620689655,13,50,4,29
35303421,1.0,0.05555555555555555,0.0,0.0,3,54,1,34
Average,0.9076923076923077,0.14449553001277138,0.4166666666666667,0.05911330049261084,21,133,6,70
Total,0.9,0.140625,0.3333333333333333,0.028985507246376812,20,128,6,69
Global,0.9,0.140625,0.3333333333333333,0.028985507246376812,20,128,6,69
