pmid,marker_recall,marker_precision,tissue_cell_recall,tissue_cell_precision,standard_marker_count,test_marker_count,standard_tc_count,test_tc_count
30893597,0.2,0.05555555555555555,0.0,0.0,5,18,2,3
30958799,0.46153846153846156,0.4,0.25,0.09090909090909091,13,15,4,11
35303421,0.0,0.0,0.0,0.0,3,11,1,9
Average,0.22051282051282053,0.15185185185185188,0.08333333333333333,0.030303030303030304,21,44,7,23
Total,0.35,0.16279069767441862,0.14285714285714285,0.043478260869565216,20,43,7,23
Global,0.35,0.16279069767441862,0.14285714285714285,0.043478260869565216,20,43,7,23
