pmid,marker_recall,marker_precision,tissue_cell_recall,tissue_cell_precision,standard_marker_count,test_marker_count,standard_tc_count,test_tc_count
33545035,0.3,0.08823529411764706,0.0,0.0,10,34,6,26
33730555,1.0,0.4864864864864865,1.0,0.42857142857142855,18,37,6,14
33958447,0.25,0.2222222222222222,0.0,0.0,16,18,10,13
Average,0.5166666666666667,0.2656480009421186,0.3333333333333333,0.14285714285714285,44,89,22,53
Total,0.5681818181818182,0.2840909090909091,0.2727272727272727,0.11320754716981132,44,88,22,53
Global,0.5681818181818182,0.2840909090909091,0.2727272727272727,0.11320754716981132,44,88,22,53
